"Tabela 2938 - IPCA - Variação mensal, acumulada no ano e peso mensal, para o índice geral, grupos, subgrupos, itens e subitens de produtos e serviços (de julho/2006 até dezembro/2011)"
"Variável - IPCA - Variação mensal (%)"
"Brasil e Região Metropolitana","Mês x Geral, grupo, subgrupo, item e subitem"
"Brasil e Região Metropolitana","janeiro 2010","fevereiro 2010","março 2010","abril 2010","maio 2010","junho 2010","julho 2010","agosto 2010","setembro 2010","outubro 2010"
"Brasil e Região Metropolitana","Índice geral","Índice geral","Índice geral","Índice geral","Índice geral","Índice geral","Índice geral","Índice geral","Índice geral","Índice geral"
"Brasil","0.75","0.78","0.52","0.57","0.43","0.00","0.01","0.04","0.45","0.75"
"Recife (PE)","0.20","0.66","0.73","0.80","0.07","-0.04","0.05","-0.54","0.29","0.61"
"Salvador (BA)","0.77","1.08","0.62","0.67","0.80","-0.04","-0.15","-0.20","0.19","0.87"
"Belo Horizonte (MG)","0.53","0.77","0.81","0.66","0.38","0.05","-0.06","0.04","0.42","1.03"
"Rio de Janeiro (RJ)","1.00","0.80","0.80","0.63","0.70","0.04","-0.16","0.01","0.28","0.42"
"São Paulo (SP)","1.00","0.78","0.30","0.45","0.33","0.00","-0.01","0.00","0.68","0.79"
"Curitiba (PR)","0.39","0.79","0.58","0.54","0.68","-0.15","0.31","0.64","0.36","0.68"
"Porto Alegre (RS)","0.55","0.74","0.80","0.56","0.06","-0.15","0.18","0.24","0.19","0.63"
"Fonte: IBGE - Índice Nacional de Preços ao Consumidor Amplo"

"Notas"
"1 - Com a atualização das Estruturas de Ponderação, obtidas a partir da Pesquisa de Orçamentos Familiares - POF - 2002-2003, foram introduzidos aperfeiçoamentos na classificação dos produtos e serviços que compõem as estruturas dos índices de preços. Com isso, foram criadas novas tabelas, a partir de julho de 2006 para o IPCA e INPC e agosto de 2006 para o IPCA-E, contendo os dados com as estruturas atualizadas. Os dados de períodos anteriores são disponibilizados em outras tabelas."
""
"Legenda"
"Símbolo","Significado"
"-","Zero absoluto, não resultante de um cálculo ou arredondamento.
Ex: Em determinado município não existem pessoas de 14 anos de idade sem instrução."
"0","Zero resultante de um cálculo ou arredondamento.
Ex: A inflação do feijão em determinada Região Metropolitana foi 0.
Determinado município produziu 400 kg de sementes de girassol e os dados da tabela são expressos em toneladas."
"X","Valor inibido para não identificar o informante.
Ex: Determinado município só possui uma empresa produtora de cimento, logo o valor de sua produção deve ser inibido."
"..","Valor não se aplica.
Ex: Não se pode obter o total da produção agrícola em determinado município quando os produtos agrícolas são contabilizados com unidades de medida distintas."
"...","Valor não disponível.
Ex: A produção de feijão em determinado município não foi pesquisada ou determinado município não existia no ano da pesquisa."
"A a Z
(exceto X)","Significa uma faixa de valores. Varia em função da tabela (se for o caso).
Ex: O nível de precisão da produção estimada de combustíveis está na faixa A (95 a 100%)"
